{
    "AutoLayout": {
        "IBMGlobalScreenSettings":{
            "ScreenChange": true,
            "DisplayName": "",
            "CaptureLayoutDelay": 1,
            "ScreenShot": true,
            "NumberOfWebViews": 0,
            "CaptureUserEvents": true,
            "CaptureScreenVisits": false,
            "CaptureLayoutOn": 2,
            "CaptureScreenshotOn": 2
        }
    },
    "AppendMapIds": {
        "[w,9290],[v,0]": {
            "mid": "ASimpleUIView"
        },
        "tag2999999": {
            "mid": "giveAdditionalId1"
        },
        "idxPathValue": {
            "mid": "giveAdditionalId2"
        }
    }
}
