{
  "LibraryVersion": "10.6.114",
  "FilterMessageTypes": false,
  "MessageTypes": "4,5,6",
  "AddMessageTypeHeader": true,
  "MessageTypeHeader": "WORKLIGHTHIT",
  "TreatJsonDictionariesAsString": false,
  "connection": 1,
  "button:click": 0,
  "button:load": 0,
  "toggleButton:click": 1,
  "slider:valueChange": 1,
  "stepper:valueChange": 1,
  "selectList:valueChange": 0,
  "selectList:load": 0,
  "selectList:UITableViewSelectionDidChangeNotification": 0,
  "datePicker:dateChange": 1,
  "pickerView:valueChanged": 1,
  "textBox:textChange": 1,
  "textBox:textChanged": 0,
  "textBox:_searchFieldBeginEditing": 0,
  "textBox:_searchFieldBeginChanged": 0,
  "textBox:_searchFieldEditingChanged": 0,
  "label:textChange": 1,
  "label:load": 0,
  "scroller:scrollChange": 1,
  "actionSheet:buttonIndex": 1,
  "actionSheet:show": 0,
  "alertView:buttonIndex": 1,
  "alertView:show": 0,
  "customEvent": 1,
  "exception": 1,
  "mobileState": 1,
  "location": 2,
  "orientation": 1,
  "screenChangeLevel": 1,
  "layout": 1,
  "gestures": 1,
  "UICPayload": 1,
  "RemoveIp": false,
  "IpPlaceholder": "N/A",
  "UseJPGForReplayImagesExtension": false,
  "pageControl:valueChanged": 1,
  "autolog:pageControl": 1,
  "autolog:textBox:_searchFieldEndEditing": 0,
  "DisableKeyboardCapture": false,
  "EnableWebViewInjectionForDisabledAutoCapture": true,
  "DisableAlertAutoCapture": false,
  "DisableAlertBackgroundForDisabledLogViewLayout": false,
  "canvas:click": 0,
  "InitialZIndex": 500,
  "UseXpathId": false,
  "SubViewArrayZIndexIncrementTrigger": 502,
  "AddGestureRecognizerUIScrollView": true,
  "AddGestureRecognizerUITextView": true,
  "AddGestureRecognizerUIButton": true,
  "AddGestureRecognizerUISwitch": true,
  "AddGestureRecognizerUISegmentedControl": true,
  "AddGestureRecognizerUIPickerView": true,
  "AddGestureRecognizerUIDatePicker": true,
  "AddGestureRecognizerUIPageControl": true,
  "SwiftUICaptureNonVariadic": true,
  "UIKeyboardCaptureTouches": false,
  "TextFieldBeingEditedUseSender": false
}
